sep=;
Transaction;Block;Date/Time;Type;Amount;Total
3157374fccbfb27698c745294f3fcb37f3b078746304d8a52b82431bcfe4fdaf;25751;2017-09-30 19:17:17;Receive;38999.9999775;38999.9999775
