sep=;
Transaction;Block;Date/Time;Type;Amount;Total
3a2d8fdebe8412f1c1beb7bc7140ad94e45ed16bc1e4dd996f660282c4bd22f8;1602164;2020-10-14 10:03:18;Receive;56087.56583983;56087.56583983
